relation_id,sentence_id,paper_id,paper_title,doi,subject_mention_id,subject_text,subject_type,predicate,object_mention_id,object_text,object_type,evidence_text,relation_origin,inherited_from,confidence,accepted,support_sentence_ids,support_paragraph_id
paper_012:r0001,,paper_012,Upscaling from single- to multi-filament dielectric barrier discharges in pulsed operation,10.1088/1361-6463/ac868b,,discharge characteristics,PlasmaProperties,scale,,single-filament,ElectrodeConfiguration,scalability of discharge characteristics of a single-filament dielectric barrier discharge (DBD) to a spatially one-dimensional multi-filament arrangement,,,0.95,True,,paper_012:p0001
paper_012:r0002,,paper_012,Upscaling from single- to multi-filament dielectric barrier discharges in pulsed operation,10.1088/1361-6463/ac868b,,discharge characteristics,PlasmaProperties,scale,,multi-filament arrangement,ElectrodeConfiguration,scalability of discharge characteristics of a single-filament dielectric barrier discharge (DBD) to a spatially one-dimensional multi-filament arrangement,,,0.95,True,,paper_012:p0001
paper_012:r0003,,paper_012,Upscaling from single- to multi-filament dielectric barrier discharges in pulsed operation,10.1088/1361-6463/ac868b,,single-filament,ElectrodeConfiguration,use,,alumina caps,ElectrodeMaterial,two hemispherical alumina caps for the single-filament,,,0.9,True,,paper_012:p0001
paper_012:r0004,,paper_012,Upscaling from single- to multi-filament dielectric barrier discharges in pulsed operation,10.1088/1361-6463/ac868b,,multi-filament arrangement,ElectrodeConfiguration,use,,alumina-tubes,ElectrodeMaterial,two parallel alumina-tubes for the multi-filament arrangement,,,0.9,True,,paper_012:p0001
paper_012:r0005,,paper_012,Upscaling from single- to multi-filament dielectric barrier discharges in pulsed operation,10.1088/1361-6463/ac868b,,electrical measurements,Experiment,use,,iCCD,DiagnosticDevice,characterised by electrical measurements ... accompanied by iCCD and streak imaging,,,0.85,True,,paper_012:p0001
paper_012:r0006,,paper_012,Upscaling from single- to multi-filament dielectric barrier discharges in pulsed operation,10.1088/1361-6463/ac868b,,electrical measurements,Experiment,use,,streak imaging,DiagnosticDevice,characterised by electrical measurements ... accompanied by iCCD and streak imaging,,,0.85,True,,paper_012:p0001
paper_012:r0007,,paper_012,Upscaling from single- to multi-filament dielectric barrier discharges in pulsed operation,10.1088/1361-6463/ac868b,,electrical quantities,PhysicalQuantity,scale,,single-and multi-filament,ElectrodeConfiguration,electrical quantities scale with a constant factor between the single-and multi-filament arrangement,,,0.9,True,,paper_012:p0001
paper_012:r0008,,paper_012,Upscaling from single- to multi-filament dielectric barrier discharges in pulsed operation,10.1088/1361-6463/ac868b,,pulsed operation,PowerSupply,lead to,,filament formation,PhysicalQuantity,pulsed operation leads to filament formation in the entire gap,,,0.85,True,,paper_012:p0001
paper_012:r0009,,paper_012,Upscaling from single- to multi-filament dielectric barrier discharges in pulsed operation,10.1088/1361-6463/ac868b,,multi-filament DBDs,ElectrodeConfiguration,identify,,breakdown,DischargeRegime,particular breakdown or discharge inception regimes were identified for the multi-filament DBDs,,,0.8,True,,paper_012:p0001
paper_012:r0010,,paper_012,Upscaling from single- to multi-filament dielectric barrier discharges in pulsed operation,10.1088/1361-6463/ac868b,,multi-filament DBDs,ElectrodeConfiguration,identify,,discharge inception regimes,DischargeRegime,particular breakdown or discharge inception regimes were identified for the multi-filament DBDs,,,0.8,True,,paper_012:p0001
paper_012:r0011,,paper_012,Upscaling from single- to multi-filament dielectric barrier discharges in pulsed operation,10.1088/1361-6463/ac868b,,asymmetrical HV pulses,PowerSupply,feature,,double-streamer propagation,PhysicalEffect,generated at the falling slope of asymmetrical HV pulses featuring e.g. a double-streamer propagation,,,0.8,True,,paper_012:p0001
paper_012:r0012,,paper_012,Upscaling from single- to multi-filament dielectric barrier discharges in pulsed operation,10.1088/1361-6463/ac868b,,HV pulse widths,PowerSupply,apply,,one-dimensional multi-filament,ElectrodeConfiguration,discharge manipulation by varying the HV pulse widths ... can also be applied in a one-dimensional multi-filament arrangement,,,0.85,True,,paper_012:p0001
paper_012:r0013,,paper_012,Upscaling from single- to multi-filament dielectric barrier discharges in pulsed operation,10.1088/1361-6463/ac868b,,gas mixture,PlasmaMedium,composed of,,0.1 vol% O2 in N2,PlasmaMedium,gas mixture of 0.1 vol% O2 in N2 at 1 bar,,,0.9,True,,paper_012:p0001
paper_012:r0014,,paper_012,Upscaling from single- to multi-filament dielectric barrier discharges in pulsed operation,10.1088/1361-6463/ac868b,,0.1 vol% O2 in N2,PlasmaMedium,unit,,vol%,Unit,0.1 vol% O2 in N2,,,0.9,True,,paper_012:p0001
paper_012:r0015,,paper_012,Upscaling from single- to multi-filament dielectric barrier discharges in pulsed operation,10.1088/1361-6463/ac868b,,0.1 vol% O2 in N2,PlasmaMedium,unit,,bar,Unit,gas mixture of 0.1 vol% O2 in N2 at 1 bar,,,0.9,True,,paper_012:p0001
paper_012:r0016,,paper_012,Upscaling from single- to multi-filament dielectric barrier discharges in pulsed operation,10.1088/1361-6463/ac868b,,electrical measurements,Experiment,use,,gas mixture,PlasmaMedium,study on the scalability ... performed for a gas mixture of 0.1 vol% O2 in N2,,,0.85,True,,paper_012:p0001
paper_012:r0017,,paper_012,Upscaling from single- to multi-filament dielectric barrier discharges in pulsed operation,10.1088/1361-6463/ac868b,,Dielectric barrier discharges (DBDs),PlasmaSource,generates,,non-thermal atmospheric pressure plasmas,PlasmaProperties,DBDs are a common tool to generate non-thermal atmospheric pressure plasmas,,,0.95,True,,paper_012:p0002
paper_012:r0018,,paper_012,Upscaling from single- to multi-filament dielectric barrier discharges in pulsed operation,10.1088/1361-6463/ac868b,,Dielectric barrier discharges (DBDs),PlasmaSource,used_for,,chemical processing,PlasmaApplication,used for e.g. chemical processing or gas purification,,,0.9,True,,paper_012:p0002
paper_012:r0019,,paper_012,Upscaling from single- to multi-filament dielectric barrier discharges in pulsed operation,10.1088/1361-6463/ac868b,,molecular gas mixtures,PlasmaMedium,characterized_by,,filamentary,DischargeRegime,"In molecular gas mixtures, DBDs are in most cases filamentary",,,0.95,True,,paper_012:p0002
paper_012:r0020,,paper_012,Upscaling from single- to multi-filament dielectric barrier discharges in pulsed operation,10.1088/1361-6463/ac868b,,pulsed-operated discharges,PowerSupply,more_efficient_for,,reactive species generation,Modelling,the generation of reactive species is more efficient for pulsed-operated discharges,,,0.9,True,,paper_012:p0002
paper_012:r0021,,paper_012,Upscaling from single- to multi-filament dielectric barrier discharges in pulsed operation,10.1088/1361-6463/ac868b,,plate-toplate arrangements,ElectrodeConfiguration,feature,,"lateral, self-organising structures",DischargeRegime,"DBDs feature a wide variety of lateral, self-organising structures",,,0.95,True,,paper_012:p0002
paper_012:r0022,,paper_012,Upscaling from single- to multi-filament dielectric barrier discharges in pulsed operation,10.1088/1361-6463/ac868b,,asymmetrical HV pulses,PowerSupply,generate_discharge_in,,high space charge environment,PhysicalQuantity,the discharge at the subsequent HV slope is generated in a high space charge environment,,,0.9,True,,paper_012:p0002
paper_012:r0023,,paper_012,Upscaling from single- to multi-filament dielectric barrier discharges in pulsed operation,10.1088/1361-6463/ac868b,,residual space charge density,PhysicalQuantity,leads_to,,different electric field configurations,PhysicalQuantity,which leads to different electric field configurations in the volume,,,0.95,True,,paper_012:p0002
paper_012:r0024,,paper_012,Upscaling from single- to multi-filament dielectric barrier discharges in pulsed operation,10.1088/1361-6463/ac868b,,pre-ionisation level,PhysicalEffect,determines,,breakdown characteristics,PhysicalEffect,the pre-ionisation level can be used to determine the breakdown characteristics,,,0.9,True,,paper_012:p0002
paper_012:r0025,,paper_012,Upscaling from single- to multi-filament dielectric barrier discharges in pulsed operation,10.1088/1361-6463/ac868b,,single-filament arrangements,ElectrodeConfiguration,influence,,plasma parameters,PlasmaProperties,it is possible to significantly influence the plasma parameters in single-filament arrangements,,,0.95,True,,paper_012:p0002
paper_012:r0026,,paper_012,Upscaling from single- to multi-filament dielectric barrier discharges in pulsed operation,10.1088/1361-6463/ac868b,,volume memory effect,PhysicalEffect,related_to,,pre-ionisation,PhysicalEffect,which is the so-called volume memory effect,,,0.9,True,,paper_012:p0002
paper_012:r0027,,paper_012,Upscaling from single- to multi-filament dielectric barrier discharges in pulsed operation,10.1088/1361-6463/ac868b,,gas mixture (0.1 vol% O2 in N2),PlasmaMedium,enhances,,pre-ionisation effect,PhysicalEffect,this particular gas mixture enhances the effect of pre-ionisation,,,0.95,True,,paper_012:p0002
paper_012:r0028,,paper_012,Upscaling from single- to multi-filament dielectric barrier discharges in pulsed operation,10.1088/1361-6463/ac868b,,DBD,PlasmaSource,characterised_by,,electrical and optical diagnostics,DiagnosticDevice,The DBD will be characterised by electrical and optical diagnostics,,,0.9,True,,paper_012:p0002
paper_012:r0029,,paper_012,Upscaling from single- to multi-filament dielectric barrier discharges in pulsed operation,10.1088/1361-6463/ac868b,,single-filament operation,ElectrodeConfiguration,compared_to,,multi-filament operation,ElectrodeConfiguration,The comparison of both single- and multi-filament operation,,,0.95,True,,paper_012:p0002
paper_012:r0030,,paper_012,Upscaling from single- to multi-filament dielectric barrier discharges in pulsed operation,10.1088/1361-6463/ac868b,,discharge current,PhysicalQuantity,compared_in,,single- and multi-filament DBDs,ElectrodeConfiguration,"comparison of essential quantities, such as discharge current and consumed electrical energy",,,0.9,True,,paper_012:p0002
paper_012:r0031,,paper_012,Upscaling from single- to multi-filament dielectric barrier discharges in pulsed operation,10.1088/1361-6463/ac868b,,single-filament arrangement,ElectrodeConfiguration,uses,,Plexiglas cell,DiagnosticDevice,single-filament DBD was ignited in a Plexiglas cell,,,1.0,True,,paper_012:p0003
paper_012:r0032,,paper_012,Upscaling from single- to multi-filament dielectric barrier discharges in pulsed operation,10.1088/1361-6463/ac868b,,single-filament arrangement,ElectrodeConfiguration,has_electrode_material,,alumina-covered,ElectrodeMaterial,two hemispherical alumina-covered electrodes,,,1.0,True,,paper_012:p0003
paper_012:r0033,,paper_012,Upscaling from single- to multi-filament dielectric barrier discharges in pulsed operation,10.1088/1361-6463/ac868b,,single-filament arrangement,ElectrodeConfiguration,has_physical_quantity,,radius,PhysicalQuantity,2 mm radius,,,1.0,True,,paper_012:p0003
paper_012:r0034,,paper_012,Upscaling from single- to multi-filament dielectric barrier discharges in pulsed operation,10.1088/1361-6463/ac868b,,single-filament arrangement,ElectrodeConfiguration,has_physical_quantity,,thickness,PhysicalQuantity,0.5 mm dielectric thickness,,,1.0,True,,paper_012:p0003
paper_012:r0035,,paper_012,Upscaling from single- to multi-filament dielectric barrier discharges in pulsed operation,10.1088/1361-6463/ac868b,,multi-filament arrangement,ElectrodeConfiguration,uses,,alumina tubes,DiagnosticDevice,same alumina tubes (manufacturer Friatec) were used,,,1.0,True,,paper_012:p0003
paper_012:r0036,,paper_012,Upscaling from single- to multi-filament dielectric barrier discharges in pulsed operation,10.1088/1361-6463/ac868b,,multi-filament arrangement,ElectrodeConfiguration,has_electrode_material,,alumina,ElectrodeMaterial,alumina cylinders,,,1.0,True,,paper_012:p0003
paper_012:r0037,,paper_012,Upscaling from single- to multi-filament dielectric barrier discharges in pulsed operation,10.1088/1361-6463/ac868b,,multi-filament arrangement,ElectrodeConfiguration,has_physical_quantity,,gas gap,PhysicalQuantity,1 mm gas gap,,,1.0,True,,paper_012:p0003
paper_012:r0038,,paper_012,Upscaling from single- to multi-filament dielectric barrier discharges in pulsed operation,10.1088/1361-6463/ac868b,,multi-filament arrangement,ElectrodeConfiguration,has_physical_quantity,,thickness,PhysicalQuantity,d b for the multi-filament arrangement is twice of that for the single-filament,,,1.0,True,,paper_012:p0003
paper_012:r0039,,paper_012,Upscaling from single- to multi-filament dielectric barrier discharges in pulsed operation,10.1088/1361-6463/ac868b,,single-filament arrangement,ElectrodeConfiguration,has_physical_quantity,,gas gap,PhysicalQuantity,1 mm gas gap,,,1.0,True,,paper_012:p0003
paper_012:r0040,,paper_012,Upscaling from single- to multi-filament dielectric barrier discharges in pulsed operation,10.1088/1361-6463/ac868b,,single-filament arrangement,ElectrodeConfiguration,has_physical_quantity,,length,PhysicalQuantity,lateral length of the 1 mm gas gap is about 10 mm,,,1.0,True,,paper_012:p0003
paper_012:r0041,,paper_012,Upscaling from single- to multi-filament dielectric barrier discharges in pulsed operation,10.1088/1361-6463/ac868b,,multi-filament arrangement,ElectrodeConfiguration,has_physical_quantity,,length,PhysicalQuantity,lateral length of the 1 mm gas gap is about 10 mm,,,1.0,True,,paper_012:p0003
paper_012:r0042,,paper_012,Upscaling from single- to multi-filament dielectric barrier discharges in pulsed operation,10.1088/1361-6463/ac868b,,single-filament arrangement,ElectrodeConfiguration,uses,,x-ray measurements,Experiment,determined by x-ray measurements of the electrodes,,,1.0,True,,paper_012:p0003
paper_012:r0043,,paper_012,Upscaling from single- to multi-filament dielectric barrier discharges in pulsed operation,10.1088/1361-6463/ac868b,,multi-filament arrangement,ElectrodeConfiguration,uses,,stainless steel,ElectrodeMaterial,pumpable stainless steel chamber,,,1.0,True,,paper_012:p0003
paper_012:r0044,,paper_012,Upscaling from single- to multi-filament dielectric barrier discharges in pulsed operation,10.1088/1361-6463/ac868b,,single-filament arrangement,ElectrodeConfiguration,has_property,,spatially-fixed,PlasmaProperties,geometrically forces a spatially-fixed filament position,,,1.0,True,,paper_012:p0003
paper_012:r0045,,paper_012,Upscaling from single- to multi-filament dielectric barrier discharges in pulsed operation,10.1088/1361-6463/ac868b,,multi-filament arrangement,ElectrodeConfiguration,has_property,,hemispherical,PlasmaProperties,hemispherically-shaped tips,,,1.0,True,,paper_012:p0003
paper_012:r0046,,paper_012,Upscaling from single- to multi-filament dielectric barrier discharges in pulsed operation,10.1088/1361-6463/ac868b,,single-filament arrangement,ElectrodeConfiguration,uses,,dielectric material,ElectrodeMaterial,same dielectric material was essential for the experiments,,,1.0,True,,paper_012:p0003
paper_012:r0047,,paper_012,Upscaling from single- to multi-filament dielectric barrier discharges in pulsed operation,10.1088/1361-6463/ac868b,,multi-filament arrangement,ElectrodeConfiguration,uses,,dielectric material,ElectrodeMaterial,same dielectric material was essential for the experiments,,,1.0,True,,paper_012:p0003
paper_012:r0048,,paper_012,Upscaling from single- to multi-filament dielectric barrier discharges in pulsed operation,10.1088/1361-6463/ac868b,,single-filament arrangement,ElectrodeConfiguration,has_physical_quantity,,flow,PhysicalQuantity,total gas flow through the cell was set to 100 sccm,,,1.0,True,,paper_012:p0003
paper_012:r0049,,paper_012,Upscaling from single- to multi-filament dielectric barrier discharges in pulsed operation,10.1088/1361-6463/ac868b,,multi-filament arrangement,ElectrodeConfiguration,has_physical_quantity,,flow,PhysicalQuantity,total gas flow through the cell was set to 300 sccm,,,1.0,True,,paper_012:p0003
paper_012:r0050,,paper_012,Upscaling from single- to multi-filament dielectric barrier discharges in pulsed operation,10.1088/1361-6463/ac868b,,single-filament arrangement,ElectrodeConfiguration,uses,,O 2 concentration,PhysicalQuantity,O 2 concentration of 0.1 vol% in N 2 was controlled,,,1.0,True,,paper_012:p0003
paper_012:r0051,,paper_012,Upscaling from single- to multi-filament dielectric barrier discharges in pulsed operation,10.1088/1361-6463/ac868b,,multi-filament arrangement,ElectrodeConfiguration,uses,,O 2 concentration,PhysicalQuantity,O 2 concentration of 0.1 vol% in N 2 was controlled,,,1.0,True,,paper_012:p0003
paper_012:r0052,,paper_012,Upscaling from single- to multi-filament dielectric barrier discharges in pulsed operation,10.1088/1361-6463/ac868b,,single-filament arrangement,ElectrodeConfiguration,uses,,HV pulse source,PowerSupply,Unipolar square wave pulses ... generated by a HV pulse source,,,1.0,True,,paper_012:p0003
paper_012:r0053,,paper_012,Upscaling from single- to multi-filament dielectric barrier discharges in pulsed operation,10.1088/1361-6463/ac868b,,multi-filament arrangement,ElectrodeConfiguration,uses,,HV pulse source,PowerSupply,Unipolar square wave pulses ... generated by a HV pulse source,,,1.0,True,,paper_012:p0003
paper_012:r0054,,paper_012,Upscaling from single- to multi-filament dielectric barrier discharges in pulsed operation,10.1088/1361-6463/ac868b,,single-filament arrangement,ElectrodeConfiguration,uses,,iCCD camera,DiagnosticDevice,fast iCCD camera ... recorded the DBD structure,,,1.0,True,,paper_012:p0003
paper_012:r0055,,paper_012,Upscaling from single- to multi-filament dielectric barrier discharges in pulsed operation,10.1088/1361-6463/ac868b,,multi-filament arrangement,ElectrodeConfiguration,uses,,streak camera system,DiagnosticDevice,streak camera system ... recorded the DBD structure,,,1.0,True,,paper_012:p0003
paper_012:r0056,,paper_012,Upscaling from single- to multi-filament dielectric barrier discharges in pulsed operation,10.1088/1361-6463/ac868b,,single-filament arrangement,ElectrodeConfiguration,has_physical_quantity,,spatial resolution,PhysicalQuantity,spatial resolution of approximately 2 µm,,,1.0,True,,paper_012:p0003
paper_012:r0057,,paper_012,Upscaling from single- to multi-filament dielectric barrier discharges in pulsed operation,10.1088/1361-6463/ac868b,,multi-filament arrangement,ElectrodeConfiguration,has_physical_quantity,,spatial resolution,PhysicalQuantity,spatial resolution of approximately 20 µm,,,1.0,True,,paper_012:p0003
paper_012:r0058,,paper_012,Upscaling from single- to multi-filament dielectric barrier discharges in pulsed operation,10.1088/1361-6463/ac868b,,single-filament arrangement,ElectrodeConfiguration,uses,,voltage probe,DiagnosticDevice,fast voltage and current probes ... recorded by a digital sampling oscilloscope,,,1.0,True,,paper_012:p0003
paper_012:r0059,,paper_012,Upscaling from single- to multi-filament dielectric barrier discharges in pulsed operation,10.1088/1361-6463/ac868b,,multi-filament arrangement,ElectrodeConfiguration,uses,,voltage probe,DiagnosticDevice,fast voltage and current probes ... recorded by a digital sampling oscilloscope,,,1.0,True,,paper_012:p0003
paper_012:r0060,,paper_012,Upscaling from single- to multi-filament dielectric barrier discharges in pulsed operation,10.1088/1361-6463/ac868b,,applied HV waveforms,PowerSupply,has_property,,pulse widths,PhysicalQuantity,applied HV waveforms with varying pulse widths,,,0.95,True,,paper_012:p0004
paper_012:r0061,,paper_012,Upscaling from single- to multi-filament dielectric barrier discharges in pulsed operation,10.1088/1361-6463/ac868b,,pulse width,PhysicalQuantity,has_range,,50 µs to 0.2 µs,Unit,pulse width ranges from 50 µs... down to t pulse = 0.2 µs,,,0.9,True,,paper_012:p0004
paper_012:r0062,,paper_012,Upscaling from single- to multi-filament dielectric barrier discharges in pulsed operation,10.1088/1361-6463/ac868b,,discharge event,PhysicalEffect,occurs_at,,rising slope (RS) and falling slope (FS),PowerSupply,individual discharge event at the RS and the subsequent falling HV slope,,,0.9,True,,paper_012:p0004
paper_012:r0063,,paper_012,Upscaling from single- to multi-filament dielectric barrier discharges in pulsed operation,10.1088/1361-6463/ac868b,,electric field strength,PhysicalQuantity,influenced_by,,surface charges,PhysicalQuantity,"electric field strength in the gap, which is strongly influenced by surface charges",,,0.85,True,,paper_012:p0004
paper_012:r0064,,paper_012,Upscaling from single- to multi-filament dielectric barrier discharges in pulsed operation,10.1088/1361-6463/ac868b,,total current,PhysicalQuantity,composed_of,,displacement current and discharge current,PhysicalQuantity,total discharge current I tot is the sum of the displacement current I disp and the discharge current I DBD,,,0.95,True,,paper_012:p0004
paper_012:r0065,,paper_012,Upscaling from single- to multi-filament dielectric barrier discharges in pulsed operation,10.1088/1361-6463/ac868b,,displacement current,PhysicalQuantity,has_property,,directly measurable,PhysicalEffect,could be directly measured,,,0.9,True,,paper_012:p0004
paper_012:r0066,,paper_012,Upscaling from single- to multi-filament dielectric barrier discharges in pulsed operation,10.1088/1361-6463/ac868b,,multi-filament arrangement,ElectrodeConfiguration,has_higher_value_than,,single-filament arrangement,ElectrodeConfiguration,maximum value of I DBD... much higher for the multi-filament arrangement,,,0.9,True,,paper_012:p0004
paper_012:r0067,,paper_012,Upscaling from single- to multi-filament dielectric barrier discharges in pulsed operation,10.1088/1361-6463/ac868b,,discharge inception jitter,PhysicalEffect,has_value,,"1.5 ns for multi-filament, 1 ns for single-filament",Unit,discharge inception jitter is about 1.5 ns... below 1 ns for the single-filament,,,0.9,True,,paper_012:p0004
paper_012:r0068,,paper_012,Upscaling from single- to multi-filament dielectric barrier discharges in pulsed operation,10.1088/1361-6463/ac868b,,oscillations,PhysicalEffect,induced_by,,distortions of the steep I DBD rise,PhysicalEffect,oscillations on the current signals... induced by distortions of the steep I DBD rise,,,0.85,True,,paper_012:p0004
paper_012:r0069,,paper_012,Upscaling from single- to multi-filament dielectric barrier discharges in pulsed operation,10.1088/1361-6463/ac868b,,discharge current peak at FS,PhysicalQuantity,has_lower_value_than,,discharge current peak at RS,PhysicalQuantity,discharge current peak at the FS... strongly smoothed and much lower compared to the one at the RS,,,0.9,True,,paper_012:p0004
paper_012:r0070,,paper_012,Upscaling from single- to multi-filament dielectric barrier discharges in pulsed operation,10.1088/1361-6463/ac868b,,volume pre-ionisation,PhysicalEffect,controls,,discharge characteristics at FS,PhysicalEffect,volume pre-ionisation plays a dominant role... control the discharge characteristics at the FS,,,0.9,True,,paper_012:p0004
paper_012:r0071,,paper_012,Upscaling from single- to multi-filament dielectric barrier discharges in pulsed operation,10.1088/1361-6463/ac868b,,scalability of I DBD,PhysicalEffect,demonstrated_by,,figure 5,Experiment,excellent scalability of I DBD... demonstrated in figure 5,,,0.9,True,,paper_012:p0004
paper_012:r0072,,paper_012,Upscaling from single- to multi-filament dielectric barrier discharges in pulsed operation,10.1088/1361-6463/ac868b,,discharge current,PhysicalQuantity,has_same_shape_as,,single-filament and multi-filament arrangements,ElectrodeConfiguration,shape of the discharge current at both slopes is the same for both arrangements,,,0.9,True,,paper_012:p0004
paper_012:r0073,,paper_012,Upscaling from single- to multi-filament dielectric barrier discharges in pulsed operation,10.1088/1361-6463/ac868b,,current rise,PhysicalQuantity,is_smaller_than,,multi-filament case,DischargeRegime,smoother rise of the current for the multi-filament case,,,0.85,True,,paper_012:p0004
paper_012:r0074,,paper_012,Upscaling from single- to multi-filament dielectric barrier discharges in pulsed operation,10.1088/1361-6463/ac868b,,oscillations after the peak,PhysicalEffect,connected_to,,current measurement system,PhysicalEffect,connected to induced distortions of the current measurement system,,,0.8,True,,paper_012:p0004
paper_012:r0075,,paper_012,Upscaling from single- to multi-filament dielectric barrier discharges in pulsed operation,10.1088/1361-6463/ac868b,,absolute peak values of discharge current,PhysicalQuantity,displayed_as_function_of,,t pulse,PhysicalQuantity,absolute peak values... displayed as a function of t pulse,,,0.9,True,,paper_012:p0004
paper_012:r0076,,paper_012,Upscaling from single- to multi-filament dielectric barrier discharges in pulsed operation,10.1088/1361-6463/ac868b,,E el,PhysicalQuantity,calculated_by,,integrating total current over one period,PhysicalEffect,transferred charge Q was calculated by integrating the total current over one period,,,0.9,True,,paper_012:p0004
paper_012:r0077,,paper_012,Upscaling from single- to multi-filament dielectric barrier discharges in pulsed operation,10.1088/1361-6463/ac868b,,E el,PhysicalQuantity,decreases_with,,shortening HV pulse width,PhysicalQuantity,consumed electrical energies decrease... with shortening of the HV pulse width,,,0.9,True,,paper_012:p0004
paper_012:r0078,,paper_012,Upscaling from single- to multi-filament dielectric barrier discharges in pulsed operation,10.1088/1361-6463/ac868b,,P el,PhysicalQuantity,obtained_by,,multiplying E el with repetition frequency,PhysicalEffect,average electrical discharge power P el can be obtained by multiplying E el with the repetition frequency,,,0.9,True,,paper_012:p0004
paper_012:r0079,,paper_012,Upscaling from single- to multi-filament dielectric barrier discharges in pulsed operation,10.1088/1361-6463/ac868b,,E el and P el,PhysicalQuantity,scales_with,,discharge current,PhysicalQuantity,values of E el and consequently also for P el... scale with the same factor as the discharge current,,,0.9,True,,paper_012:p0004
paper_012:r0080,,paper_012,Upscaling from single- to multi-filament dielectric barrier discharges in pulsed operation,10.1088/1361-6463/ac868b,,N MF,PhysicalQuantity,scaling_factor_considering,,dielectric thickness,PhysicalQuantity,different thicknesses of the dielectric d b have to be considered,,,0.85,True,,paper_012:p0004
paper_012:r0081,,paper_012,Upscaling from single- to multi-filament dielectric barrier discharges in pulsed operation,10.1088/1361-6463/ac868b,,Q MF,PhysicalQuantity,scales_with,,1/2 and N MF,PhysicalQuantity,transferred charge in the multi-filament arrangement Q MF scales with a factor of 1/2 in addition to N MF,,,0.85,True,,paper_012:p0004
paper_012:r0082,,paper_012,Upscaling from single- to multi-filament dielectric barrier discharges in pulsed operation,10.1088/1361-6463/ac868b,,pre-ionisation,PhysicalEffect,decreased_impact_on,,current maxima/minima,PhysicalQuantity,reduced impact of the pre-ionisation on the current maxima/minima with longer HV pulse width,,,0.85,True,,paper_012:p0004
paper_012:r0083,,paper_012,Upscaling from single- to multi-filament dielectric barrier discharges in pulsed operation,10.1088/1361-6463/ac868b,,E el and P el,PhysicalQuantity,same_scaling_factor_applies_to,,multi-filament DBDs,ElectrodeConfiguration,same behaviour was also found for the multifilament cases,,,0.9,True,,paper_012:p0004
paper_012:r0084,,paper_012,Upscaling from single- to multi-filament dielectric barrier discharges in pulsed operation,10.1088/1361-6463/ac868b,,single-filament DBD,ElectrodeConfiguration,characteristics_transferable_to,,multi-filament DBD,ElectrodeConfiguration,characteristics of a single-filament DBD can be directly transferred to a multi-filament arrangement,,,0.9,True,,paper_012:p0004
paper_012:r0085,,paper_012,Upscaling from single- to multi-filament dielectric barrier discharges in pulsed operation,10.1088/1361-6463/ac868b,,constant scaling factor,PhysicalQuantity,does_not_imply,,linear impact of d b on discharge properties,PhysicalEffect,constant scaling factor does not generally imply that the impact of d b on the discharge properties is linear,,,0.8,True,,paper_012:p0004
paper_012:r0086,,paper_012,Upscaling from single- to multi-filament dielectric barrier discharges in pulsed operation,10.1088/1361-6463/ac868b,,discharge,PlasmaSource,has_property,,filamentary,DischargeRegime,the discharge is always filamentary,,,0.95,True,,paper_012:p0005
paper_012:r0087,,paper_012,Upscaling from single- to multi-filament dielectric barrier discharges in pulsed operation,10.1088/1361-6463/ac868b,,discharge,PlasmaSource,has_structure,,constricted channel,DischargeRegime,it features a thin constricted channel in the volume,,,0.9,True,,paper_012:p0005
paper_012:r0088,,paper_012,Upscaling from single- to multi-filament dielectric barrier discharges in pulsed operation,10.1088/1361-6463/ac868b,,discharge,PlasmaSource,has_structure,,surface discharge channels,DischargeRegime,spreading surface discharge channels on the dielectrics,,,0.9,True,,paper_012:p0005
paper_012:r0089,,paper_012,Upscaling from single- to multi-filament dielectric barrier discharges in pulsed operation,10.1088/1361-6463/ac868b,,discharge,PlasmaSource,influenced_by,,pre-ionisation,PhysicalEffect,discharges at the FS are strongly influenced by the pre-ionisation,,,0.95,True,,paper_012:p0005
paper_012:r0090,,paper_012,Upscaling from single- to multi-filament dielectric barrier discharges in pulsed operation,10.1088/1361-6463/ac868b,,breakdown regime,DischargeRegime,differs_from,,discharge inception,PhysicalEffect,differs significantly from the regular discharge inception,,,0.9,True,,paper_012:p0005
paper_012:r0091,,paper_012,Upscaling from single- to multi-filament dielectric barrier discharges in pulsed operation,10.1088/1361-6463/ac868b,,breakdown regime,DischargeRegime,involves,,ionisation front,PhysicalEffect,cathode-directed ionisation front (positive streamer),,,0.85,True,,paper_012:p0005
paper_012:r0092,,paper_012,Upscaling from single- to multi-filament dielectric barrier discharges in pulsed operation,10.1088/1361-6463/ac868b,,surface discharges,DischargeRegime,propagate_on,,dielectrics,ElectrodeMaterial,surface discharge channels on the dielectrics,,,0.9,True,,paper_012:p0005
paper_012:r0093,,paper_012,Upscaling from single- to multi-filament dielectric barrier discharges in pulsed operation,10.1088/1361-6463/ac868b,,emission structures,PlasmaProperties,observed_in,,accumulated images,Experiment,accumulated over 1000 discharges are shown,,,0.9,True,,paper_012:p0005
paper_012:r0094,,paper_012,Upscaling from single- to multi-filament dielectric barrier discharges in pulsed operation,10.1088/1361-6463/ac868b,,emission structures,PlasmaProperties,observed_in,,single shots,Experiment,images of individual discharge events only,,,0.9,True,,paper_012:p0005
paper_012:r0095,,paper_012,Upscaling from single- to multi-filament dielectric barrier discharges in pulsed operation,10.1088/1361-6463/ac868b,,volume channel,DischargeRegime,positioned_at,,gas gap,ElectrodeConfiguration,volume channel touches the dielectrics,,,0.85,True,,paper_012:p0005
paper_012:r0096,,paper_012,Upscaling from single- to multi-filament dielectric barrier discharges in pulsed operation,10.1088/1361-6463/ac868b,,surface discharges,DischargeRegime,causes,,electric field reconfiguration,PhysicalEffect,electric field reconfiguration during the FS,,,0.8,True,,paper_012:p0005
paper_012:r0097,,paper_012,Upscaling from single- to multi-filament dielectric barrier discharges in pulsed operation,10.1088/1361-6463/ac868b,,pre-ionisation,PhysicalEffect,stronger_in,,single-filament,ElectrodeConfiguration,impact of volume pre-ionisation is stronger in the single-filament arrangement,,,0.85,True,,paper_012:p0005
paper_012:r0098,,paper_012,Upscaling from single- to multi-filament dielectric barrier discharges in pulsed operation,10.1088/1361-6463/ac868b,,FS,Species,related_to,,RS,Species,discharges at the FS slope ignite... generated by the previous discharge at the RS,,,0.9,True,,paper_012:p0005
paper_012:r0099,,paper_012,Upscaling from single- to multi-filament dielectric barrier discharges in pulsed operation,10.1088/1361-6463/ac868b,,surface discharge channels,DischargeRegime,re-ignite,,previous discharge event,Experiment,re-ignition of surface discharges on the cathode,,,0.8,True,,paper_012:p0005
paper_012:r0100,,paper_012,Upscaling from single- to multi-filament dielectric barrier discharges in pulsed operation,10.1088/1361-6463/ac868b,,electric field reversal,PhysicalEffect,incomplete_for,,0.2 µs HV pulse,PowerSupply,reversal of the electric field... not completed for the 0.2 µs case,,,0.8,True,,paper_012:p0005
paper_012:r0101,,paper_012,Upscaling from single- to multi-filament dielectric barrier discharges in pulsed operation,10.1088/1361-6463/ac868b,,iCCD,DiagnosticDevice,used_to_analyze,,filament,DischargeRegime,iCCD images of the discharge emission can be used to analyse the lateral position of the filament occurrence.,,,0.95,True,,paper_012:p0006
paper_012:r0102,,paper_012,Upscaling from single- to multi-filament dielectric barrier discharges in pulsed operation,10.1088/1361-6463/ac868b,,accumulated images,Experiment,used_to_detect,,lateral structures,PlasmaProperties,accumulated images were used to detect lateral structures appearing for discharges for all HV pulse widths at both HV slopes,,,0.9,True,,paper_012:p0006
paper_012:r0103,,paper_012,Upscaling from single- to multi-filament dielectric barrier discharges in pulsed operation,10.1088/1361-6463/ac868b,,accumulated iCCD images,Experiment,extracted_from,,lateral profile,PlasmaProperties,a lateral profile averaged over 80 µm in the centre of the gap was extracted from all accumulated iCCD images,,,0.95,True,,paper_012:p0006
paper_012:r0104,,paper_012,Upscaling from single- to multi-filament dielectric barrier discharges in pulsed operation,10.1088/1361-6463/ac868b,,emission intensities,PhysicalQuantity,compared_between,,RS,Species,emission intensities displayed in figures 11(a) and (b) for the RS and FS at different HV pulse widths can be directly compared,,,0.9,True,,paper_012:p0006
paper_012:r0105,,paper_012,Upscaling from single- to multi-filament dielectric barrier discharges in pulsed operation,10.1088/1361-6463/ac868b,,discharge current,PhysicalQuantity,in_accordance_with,,RS,Species,in accordance with the similar values of the discharge current maxima,,,0.85,True,,paper_012:p0006
paper_012:r0106,,paper_012,Upscaling from single- to multi-filament dielectric barrier discharges in pulsed operation,10.1088/1361-6463/ac868b,,peaks,PlasmaProperties,indicating,,mean lateral discharge channel positions,PlasmaProperties,"peaks in these structures, indicating the mean lateral discharge channel positions",,,0.9,True,,paper_012:p0006
paper_012:r0107,,paper_012,Upscaling from single- to multi-filament dielectric barrier discharges in pulsed operation,10.1088/1361-6463/ac868b,,mean lateral emission structure,PlasmaProperties,occurs_at,,RS,Species,the same mean lateral emission structure occurs,,,0.95,True,,paper_012:p0006
paper_012:r0108,,paper_012,Upscaling from single- to multi-filament dielectric barrier discharges in pulsed operation,10.1088/1361-6463/ac868b,,pre-ionisation,PhysicalEffect,causes,,FS,Species,strong impact of the pre-ionisation... occurs for single-filament DBDs,,,0.85,True,,paper_012:p0006
paper_012:r0109,,paper_012,Upscaling from single- to multi-filament dielectric barrier discharges in pulsed operation,10.1088/1361-6463/ac868b,,mean emission intensity,PhysicalQuantity,normalised_with_respect_to,,emission profiles,PlasmaProperties,normalised with respect to the mean emission intensity in the gap centre,,,0.9,True,,paper_012:p0006
paper_012:r0110,,paper_012,Upscaling from single- to multi-filament dielectric barrier discharges in pulsed operation,10.1088/1361-6463/ac868b,,extension of the emission,PlasmaProperties,corresponds_to,,multi-filament arrangement,ElectrodeConfiguration,corresponds to the outer regions... where the curvature of the electrodes enlarges the gap distances,,,0.85,True,,paper_012:p0006
paper_012:r0111,,paper_012,Upscaling from single- to multi-filament dielectric barrier discharges in pulsed operation,10.1088/1361-6463/ac868b,,streak camera,DiagnosticDevice,used_to_track,,discharge events,Experiment,streak camera measurements were performed... to track the discharge channel positions,,,0.9,True,,paper_012:p0006
paper_012:r0112,,paper_012,Upscaling from single- to multi-filament dielectric barrier discharges in pulsed operation,10.1088/1361-6463/ac868b,,lateral profile,PlasmaProperties,indicates,,structure features,PlasmaProperties,structure features exactly the same lateral characteristics,,,0.9,True,,paper_012:p0006
paper_012:r0113,,paper_012,Upscaling from single- to multi-filament dielectric barrier discharges in pulsed operation,10.1088/1361-6463/ac868b,,volume memory effect,PhysicalEffect,caused_by,,lateral filament position,PlasmaProperties,"Most likely, this is caused by the volume memory effect",,,0.85,True,,paper_012:p0006
paper_012:r0114,,paper_012,Upscaling from single- to multi-filament dielectric barrier discharges in pulsed operation,10.1088/1361-6463/ac868b,,streak camera,DiagnosticDevice,used_to_evaluate,,discharge emission,PlasmaProperties,streak camera recordings of the discharge emission in the gap centre were used to evaluate,,,0.95,True,,paper_012:p0007
paper_012:r0115,,paper_012,Upscaling from single- to multi-filament dielectric barrier discharges in pulsed operation,10.1088/1361-6463/ac868b,,O 2 admixture to N 2,PlasmaMedium,determines,,discharge emission,PlasmaProperties,discharge emission is mainly determined by the O 2 admixture to N 2,,,0.9,True,,paper_012:p0007
paper_012:r0116,,paper_012,Upscaling from single- to multi-filament dielectric barrier discharges in pulsed operation,10.1088/1361-6463/ac868b,,discharge channels,PlasmaProperties,has_duration,,3 ns,PhysicalQuantity,the major emission duration in the gap centre is about 3 ns,,,0.85,True,,paper_012:p0007
paper_012:r0117,,paper_012,Upscaling from single- to multi-filament dielectric barrier discharges in pulsed operation,10.1088/1361-6463/ac868b,,lateral expansion velocity,PhysicalQuantity,has_unit,,mm ns -1,Unit,mean lateral 'expansion velocity' of (5.1 ± 0.3) mm ns -1,,,0.9,True,,paper_012:p0007
paper_012:r0118,,paper_012,Upscaling from single- to multi-filament dielectric barrier discharges in pulsed operation,10.1088/1361-6463/ac868b,,single-filament DBD,DischargeRegime,related_to,,DBD,PlasmaSource,in accordance with measurements for a single-filament DBD,,,0.95,True,,paper_012:p0007
paper_012:r0119,,paper_012,Upscaling from single- to multi-filament dielectric barrier discharges in pulsed operation,10.1088/1361-6463/ac868b,,modelling study,Modelling,applies_to,,DBD,PlasmaSource,modelling study for a DBD with a 1 mm gap,,,0.8,True,,paper_012:p0007
paper_012:r0120,,paper_012,Upscaling from single- to multi-filament dielectric barrier discharges in pulsed operation,10.1088/1361-6463/ac868b,,HV pulse width,PowerSupply,controls,,discharge inception,PhysicalEffect,control of the discharge inception by means of HV pulse width variation,,,0.9,True,,paper_012:p0007
paper_012:r0121,,paper_012,Upscaling from single- to multi-filament dielectric barrier discharges in pulsed operation,10.1088/1361-6463/ac868b,,residual pre-ionisation,PhysicalEffect,causes,,suppression of volume streamer propagation,PhysicalEffect,residual pre-ionisation... almost complete suppression of volume streamer propagation,,,0.85,True,,paper_012:p0007
paper_012:r0122,,paper_012,Upscaling from single- to multi-filament dielectric barrier discharges in pulsed operation,10.1088/1361-6463/ac868b,,temporal resolution,Experiment,achieved_by,,streak camera,DiagnosticDevice,sub-ns temporal resolution,,,0.9,True,,paper_012:p0007
paper_012:r0123,,paper_012,Upscaling from single- to multi-filament dielectric barrier discharges in pulsed operation,10.1088/1361-6463/ac868b,,temporal development,Modelling,observed_in,,gap centre,ElectrodeConfiguration,temporal development of the central part of distinct individual discharge channels in the gap centre,,,0.85,True,,paper_012:p0007
paper_012:r0124,,paper_012,Upscaling from single- to multi-filament dielectric barrier discharges in pulsed operation,10.1088/1361-6463/ac868b,,pulsed-driven singleand multi-filament DBDs,PlasmaSource,compared_using,,"same dielectric (alumina), discharge gap (1 mm), HV pulse characteristics and gas mixture (0.1 vol% O 2 in N 2 )",Experiment,"a detailed comparison of pulsed-driven singleand multi-filament DBDs was performed using the same dielectric (alumina), discharge gap (1 mm), HV pulse characteristics and gas mixture (0.1 vol% O 2 in N 2 )",,,0.95,True,,paper_012:p0008
paper_012:r0125,,paper_012,Upscaling from single- to multi-filament dielectric barrier discharges in pulsed operation,10.1088/1361-6463/ac868b,,multi-filament arrangement,ElectrodeConfiguration,characterized_by,,filaments could move freely along one lateral direction,PhysicalEffect,"the filaments could move freely along one lateral direction, while the filament position is fixed in the single-filament arrangement",,,0.9,True,,paper_012:p0008
paper_012:r0126,,paper_012,Upscaling from single- to multi-filament dielectric barrier discharges in pulsed operation,10.1088/1361-6463/ac868b,,single-filament arrangement,ElectrodeConfiguration,characterized_by,,filament position is fixed,PhysicalEffect,the filament position is fixed in the single-filament arrangement,,,0.85,True,,paper_012:p0008
paper_012:r0127,,paper_012,Upscaling from single- to multi-filament dielectric barrier discharges in pulsed operation,10.1088/1361-6463/ac868b,,electrical characterisation,Experiment,revealed_scaling,,discharge current and consumed electrical energy E el scale with N MF in multi-filament case,PhysicalQuantity,"the discharge current and the consumed electrical energy E el scale with a constant factor between the single-and the multi-filament DBDs, i.e. they scale with the number of filaments N MF in the multi-filament case",,,0.9,True,,paper_012:p0008
paper_012:r0128,,paper_012,Upscaling from single- to multi-filament dielectric barrier discharges in pulsed operation,10.1088/1361-6463/ac868b,,multi-filament,ElectrodeConfiguration,has_scaling_factor,,N MF /2,PhysicalQuantity,the actual scaling factor in this study is N MF /2,,,0.85,True,,paper_012:p0008
paper_012:r0129,,paper_012,Upscaling from single- to multi-filament dielectric barrier discharges in pulsed operation,10.1088/1361-6463/ac868b,,single-filament,ElectrodeConfiguration,related_to,,0.5 mm dielectric thickness,PhysicalQuantity,the thickness of the dielectric was 1 mm for the multi-filament and 0.5 mm for the single-filament,,,0.8,True,,paper_012:p0008
paper_012:r0130,,paper_012,Upscaling from single- to multi-filament dielectric barrier discharges in pulsed operation,10.1088/1361-6463/ac868b,,asymmetric HV pulses,PowerSupply,utilized_for,,pre-ionisation,PhysicalEffect,the distinct discharge control utilising pre-ionisation by means of asymmetric HV pulses was also reproduced,,,0.9,True,,paper_012:p0008
paper_012:r0131,,paper_012,Upscaling from single- to multi-filament dielectric barrier discharges in pulsed operation,10.1088/1361-6463/ac868b,,HV pulse widths,PowerSupply,related_to,,double-streamer mode,DischargeRegime,the particular 'double-streamer' mode for HV pulse widths within the range of the ion drift time (∼1 µs) was found,,,0.85,True,,paper_012:p0008
paper_012:r0132,,paper_012,Upscaling from single- to multi-filament dielectric barrier discharges in pulsed operation,10.1088/1361-6463/ac868b,,fast-rising applied HV pulse,PowerSupply,causes,,breakdown within 2 ns,PhysicalEffect,the breakdown conditions are reached in the gap within a couple of ns due to the fast-rising applied HV pulse,,,0.9,True,,paper_012:p0008
paper_012:r0133,,paper_012,Upscaling from single- to multi-filament dielectric barrier discharges in pulsed operation,10.1088/1361-6463/ac868b,,single-filament DBDs,PlasmaSource,transferable_to,,multi-filament arrangements,PlasmaApplication,most of the results obtained for single-filament DBDs can be directly transferred to multi-filament arrangements,,,0.9,True,,paper_012:p0008
paper_012:r0134,,paper_012,Upscaling from single- to multi-filament dielectric barrier discharges in pulsed operation,10.1088/1361-6463/ac868b,,future investigations,Experiment,planned_to_study,,interactions between filaments and surface charge dynamics,PhysicalEffect,"it is planned to study the interactions between individual filaments in pulsed-driven multifilament DBDs, especially with respect to the surface charge dynamics",,,0.8,True,,paper_012:p0008
paper_012:r0135,,paper_012,Upscaling from single- to multi-filament dielectric barrier discharges in pulsed operation,10.1088/1361-6463/ac868b,,higher O 2 admixtures,Species,cause,,spatially and temporally unstable discharges,PhysicalEffect,discharges are spatially and temporally unstable due to the reduced preionisation effect induced by a high concentration of an electronegative admixture like O 2 or N 2 O,,,0.85,True,,paper_012:p0008
