relation_id,sentence_id,paper_id,paper_title,doi,subject_mention_id,subject_text,subject_type,predicate,object_mention_id,object_text,object_type,evidence_text,relation_origin,inherited_from,confidence,accepted,support_sentence_ids,support_paragraph_id
paper_001:r0001,,paper_001,Impact of N2O admixture on the characteristics of pulsed dielectric barrier discharges in N2 at atmospheric pressure,10.1088/1361-6463/ab4944,,N2O concentration,PhysicalQuantity,has impact on,,discharge characteristics,PlasmaProperties,A significant impact of N2O on the discharge characteristics was found,,,0.95,True,,paper_001:p0001
paper_001:r0002,,paper_001,Impact of N2O admixture on the characteristics of pulsed dielectric barrier discharges in N2 at atmospheric pressure,10.1088/1361-6463/ab4944,,modelling results,Modelling,indicates transition from,,electropositive,PhysicalEffect,a transition from an electropositive to an electronegative regime takes place,,,0.9,True,,paper_001:p0001
paper_001:r0003,,paper_001,Impact of N2O admixture on the characteristics of pulsed dielectric barrier discharges in N2 at atmospheric pressure,10.1088/1361-6463/ab4944,,modelling results,Modelling,indicates transition to,,electronegative regime,DischargeRegime,a transition from an electropositive to an electronegative regime takes place,,,0.9,True,,paper_001:p0001
paper_001:r0004,,paper_001,Impact of N2O admixture on the characteristics of pulsed dielectric barrier discharges in N2 at atmospheric pressure,10.1088/1361-6463/ab4944,,N2O concentration,PhysicalQuantity,correlated with,,breakdown voltage,PhysicalQuantity,a strong increase of breakdown voltage... for N2O concentrations above 1 vol%,,,0.9,True,,paper_001:p0001
paper_001:r0005,,paper_001,Impact of N2O admixture on the characteristics of pulsed dielectric barrier discharges in N2 at atmospheric pressure,10.1088/1361-6463/ab4944,,N2O concentration,PhysicalQuantity,correlated with,,discharge inception jitter,PhysicalEffect,a strong increase of breakdown voltage and discharge inception jitter... for N2O concentrations above 1 vol%,,,0.9,True,,paper_001:p0001
paper_001:r0006,,paper_001,Impact of N2O admixture on the characteristics of pulsed dielectric barrier discharges in N2 at atmospheric pressure,10.1088/1361-6463/ab4944,,N2O concentration,PhysicalQuantity,varied in,,N2-N2O gas mixture,PlasmaMedium,The N2O concentration in the N2-N2O gas mixture was varied,,,0.95,True,,paper_001:p0001
paper_001:r0007,,paper_001,Impact of N2O admixture on the characteristics of pulsed dielectric barrier discharges in N2 at atmospheric pressure,10.1088/1361-6463/ab4944,,dielectric barrier discharges,PlasmaSource,studied using,,optical and electrical diagnostics,Experiment,studied using optical and electrical diagnostics,,,0.9,True,,paper_001:p0001
paper_001:r0008,,paper_001,Impact of N2O admixture on the characteristics of pulsed dielectric barrier discharges in N2 at atmospheric pressure,10.1088/1361-6463/ab4944,,0D modelling of the reaction kinetics,Modelling,supported by,,optical and electrical diagnostics,Experiment,supported by 0D modelling of the reaction kinetics,,,0.85,True,,paper_001:p0001
paper_001:r0009,,paper_001,Impact of N2O admixture on the characteristics of pulsed dielectric barrier discharges in N2 at atmospheric pressure,10.1088/1361-6463/ab4944,,N2O concentration,PhysicalQuantity,above,,1000 ppm,Unit,for concentrations above 1000 ppm,,,0.95,True,,paper_001:p0001
paper_001:r0010,,paper_001,Impact of N2O admixture on the characteristics of pulsed dielectric barrier discharges in N2 at atmospheric pressure,10.1088/1361-6463/ab4944,,N2O concentration,PhysicalQuantity,above,,1 vol%,Unit,for N2O concentrations above 1 vol%,,,0.95,True,,paper_001:p0001
paper_001:r0011,,paper_001,Impact of N2O admixture on the characteristics of pulsed dielectric barrier discharges in N2 at atmospheric pressure,10.1088/1361-6463/ab4944,,dielectric barrier discharges,PlasmaSource,determined_by,,discharge configuration,PhysicalQuantity,Morphology and peculiarities of dielectric barrier discharges (DBDs) are determined by several external parameters like discharge configuration,,,0.9,True,,paper_001:p0002
paper_001:r0012,,paper_001,Impact of N2O admixture on the characteristics of pulsed dielectric barrier discharges in N2 at atmospheric pressure,10.1088/1361-6463/ab4944,,dielectric barrier discharges,PlasmaSource,determined_by,,gas composition,PlasmaMedium,"Morphology and peculiarities of dielectric barrier discharges (DBDs) are determined by several external parameters like discharge configuration, gas composition and electric control",,,0.9,True,,paper_001:p0002
paper_001:r0013,,paper_001,Impact of N2O admixture on the characteristics of pulsed dielectric barrier discharges in N2 at atmospheric pressure,10.1088/1361-6463/ab4944,,dielectric barrier discharges,PlasmaSource,determined_by,,electric control,PowerSupply,"Morphology and peculiarities of dielectric barrier discharges (DBDs) are determined by several external parameters like discharge configuration, gas composition and electric control",,,0.9,True,,paper_001:p0002
paper_001:r0014,,paper_001,Impact of N2O admixture on the characteristics of pulsed dielectric barrier discharges in N2 at atmospheric pressure,10.1088/1361-6463/ab4944,,dielectric barrier discharges,PlasmaSource,has_regime,,filamentary,DischargeRegime,"Generally, two different discharge regimes, namely filamentary and diffuse (or uniform) are known",,,0.9,True,,paper_001:p0002
paper_001:r0015,,paper_001,Impact of N2O admixture on the characteristics of pulsed dielectric barrier discharges in N2 at atmospheric pressure,10.1088/1361-6463/ab4944,,dielectric barrier discharges,PlasmaSource,has_regime,,diffuse,DischargeRegime,"Generally, two different discharge regimes, namely filamentary and diffuse (or uniform) are known",,,0.9,True,,paper_001:p0002
paper_001:r0016,,paper_001,Impact of N2O admixture on the characteristics of pulsed dielectric barrier discharges in N2 at atmospheric pressure,10.1088/1361-6463/ab4944,,diffuse DBD,DischargeRegime,used_for,,homogeneous surface treatment,PlasmaApplication,"Avoiding filamentation, i.e. the formation of constricted discharge channels, to generate a diffuse DBD is interesting for homogeneous surface treatment",,,0.85,True,,paper_001:p0002
paper_001:r0017,,paper_001,Impact of N2O admixture on the characteristics of pulsed dielectric barrier discharges in N2 at atmospheric pressure,10.1088/1361-6463/ab4944,,diffuse DBD,DischargeRegime,requires,,pre-ionisation,PhysicalEffect,It can be achieved by a sufficient pre-ionisation or charge carrier supply from the dielectric barriers,,,0.9,True,,paper_001:p0002
paper_001:r0018,,paper_001,Impact of N2O admixture on the characteristics of pulsed dielectric barrier discharges in N2 at atmospheric pressure,10.1088/1361-6463/ab4944,,pre-ionisation,PhysicalEffect,affects,,discharge inception,PhysicalEffect,"Pre-ionisation, which means the amount of charge carriers (especially electrons) before discharge inception, affects the discharge",,,0.9,True,,paper_001:p0002
paper_001:r0019,,paper_001,Impact of N2O admixture on the characteristics of pulsed dielectric barrier discharges in N2 at atmospheric pressure,10.1088/1361-6463/ab4944,,pre-ionisation,PhysicalEffect,modifies,,electric field distribution,PhysicalQuantity,"Pre-ionisation, which means the amount of charge carriers (especially electrons) before discharge inception, affects the discharge by changing the electric field distribution in the gap prior to the breakdown",,,0.9,True,,paper_001:p0002
paper_001:r0020,,paper_001,Impact of N2O admixture on the characteristics of pulsed dielectric barrier discharges in N2 at atmospheric pressure,10.1088/1361-6463/ab4944,,pre-ionisation,PhysicalEffect,provides,,free charge carriers,Species,"Pre-ionisation, which means the amount of charge carriers (especially electrons) before discharge inception, affects the discharge by providing additional free charge carriers",,,0.9,True,,paper_001:p0002
paper_001:r0021,,paper_001,Impact of N2O admixture on the characteristics of pulsed dielectric barrier discharges in N2 at atmospheric pressure,10.1088/1361-6463/ab4944,,pulse width,PowerSupply,influences,,pre-ionisation level,PhysicalEffect,the pulse width and the amount of O 2 have a relevant impact on the pre-ionisation level in pulsed DBDs,,,0.9,True,,paper_001:p0002
paper_001:r0022,,paper_001,Impact of N2O admixture on the characteristics of pulsed dielectric barrier discharges in N2 at atmospheric pressure,10.1088/1361-6463/ab4944,,O 2,Species,influences,,pre-ionisation level,PhysicalEffect,the pulse width and the amount of O 2 have a relevant impact on the pre-ionisation level in pulsed DBDs,,,0.9,True,,paper_001:p0002
paper_001:r0023,,paper_001,Impact of N2O admixture on the characteristics of pulsed dielectric barrier discharges in N2 at atmospheric pressure,10.1088/1361-6463/ab4944,,N 2 O,Species,affects,,discharge regime,DischargeRegime,the effect of N 2 O addition in a sinusoidal-operated APTD has been studied and compared with the effect of adding O 2 . Both admixtures finally lead to filamentation,,,0.85,True,,paper_001:p0002
paper_001:r0024,,paper_001,Impact of N2O admixture on the characteristics of pulsed dielectric barrier discharges in N2 at atmospheric pressure,10.1088/1361-6463/ab4944,,N 2 O,Species,has_threshold_concentration,,1200 ppm,PhysicalQuantity,the threshold concentration for N 2 O is an order of magnitude higher (i.e. about 1200 ppm) than for O 2 for sine-driven DBDs,,,0.85,True,,paper_001:p0002
paper_001:r0025,,paper_001,Impact of N2O admixture on the characteristics of pulsed dielectric barrier discharges in N2 at atmospheric pressure,10.1088/1361-6463/ab4944,,Townsend discharge,DischargeRegime,occurs_in,,planar electrode arrangements,ElectrodeConfiguration,DBDs in planar electrode arrangements in pure nitrogen are known to form a Townsend discharge,,,0.9,True,,paper_001:p0002
paper_001:r0026,,paper_001,Impact of N2O admixture on the characteristics of pulsed dielectric barrier discharges in N2 at atmospheric pressure,10.1088/1361-6463/ab4944,,N 2 O,Species,has_property,,electronegativity,PlasmaProperties,"From the physics perspective, it is interesting to study the influence of N 2 O on the discharge physics due to its electronegativity and reactivity",,,0.85,True,,paper_001:p0002
paper_001:r0027,,paper_001,Impact of N2O admixture on the characteristics of pulsed dielectric barrier discharges in N2 at atmospheric pressure,10.1088/1361-6463/ab4944,,N 2 O,Species,forms,,O -ions,Species,O -ions are formed by dissociative electron attachment at low electron energies of about 1 eV,,,0.9,True,,paper_001:p0002
paper_001:r0028,,paper_001,Impact of N2O admixture on the characteristics of pulsed dielectric barrier discharges in N2 at atmospheric pressure,10.1088/1361-6463/ab4944,,N 2 O,Species,used_in,,plasma enhanced chemical vapour deposition,PlasmaApplication,used in plasma enhanced chemical vapour deposition (PE-CVD) of oxide layers,,,0.85,True,,paper_001:p0002
paper_001:r0029,,paper_001,Impact of N2O admixture on the characteristics of pulsed dielectric barrier discharges in N2 at atmospheric pressure,10.1088/1361-6463/ab4944,,Experimental set-up,Experiment,uses,,double-sided,ElectrodeConfiguration,A symmetric double-sided DBD arrangement...,,,0.95,True,,paper_001:p0003
paper_001:r0030,,paper_001,Impact of N2O admixture on the characteristics of pulsed dielectric barrier discharges in N2 at atmospheric pressure,10.1088/1361-6463/ab4944,,electrodes,ElectrodeMaterial,composed_of,,alumina-covered,ElectrodeMaterial,alumina-covered metal electrodes,,,0.9,True,,paper_001:p0003
paper_001:r0031,,paper_001,Impact of N2O admixture on the characteristics of pulsed dielectric barrier discharges in N2 at atmospheric pressure,10.1088/1361-6463/ab4944,,filament,DischargeRegime,has_property,,spatially fixed,PlasmaProperties,the filament was spatially fixed in the gap,,,0.95,True,,paper_001:p0003
paper_001:r0032,,paper_001,Impact of N2O admixture on the characteristics of pulsed dielectric barrier discharges in N2 at atmospheric pressure,10.1088/1361-6463/ab4944,,electrodes,ElectrodeMaterial,located_in,,vacuum tight glass cell,DiagnosticDevice,electrodes... located in a vacuum tight glass cell,,,0.9,True,,paper_001:p0003
paper_001:r0033,,paper_001,Impact of N2O admixture on the characteristics of pulsed dielectric barrier discharges in N2 at atmospheric pressure,10.1088/1361-6463/ab4944,,gap,PhysicalQuantity,has_unit,,mm,Unit,gap width of 1 mm,,,1.0,True,,paper_001:p0003
paper_001:r0034,,paper_001,Impact of N2O admixture on the characteristics of pulsed dielectric barrier discharges in N2 at atmospheric pressure,10.1088/1361-6463/ab4944,,dielectric barrier thickness,PhysicalQuantity,has_unit,,mm,Unit,dielectric barrier thickness was about 0.5 mm,,,1.0,True,,paper_001:p0003
paper_001:r0035,,paper_001,Impact of N2O admixture on the characteristics of pulsed dielectric barrier discharges in N2 at atmospheric pressure,10.1088/1361-6463/ab4944,,x-ray measurements,Experiment,determined,,thickness,PhysicalQuantity,determined by x-ray measurements of the electrodes,,,0.9,True,,paper_001:p0003
paper_001:r0036,,paper_001,Impact of N2O admixture on the characteristics of pulsed dielectric barrier discharges in N2 at atmospheric pressure,10.1088/1361-6463/ab4944,,turbo pump,DiagnosticDevice,achieves,,pressure,PhysicalQuantity,evacuated by a turbo pump... down to about 10^-6 mbar,,,0.95,True,,paper_001:p0003
paper_001:r0037,,paper_001,Impact of N2O admixture on the characteristics of pulsed dielectric barrier discharges in N2 at atmospheric pressure,10.1088/1361-6463/ab4944,,pressure,PhysicalQuantity,has_unit,,mbar,Unit,down to about 10^-6 mbar,,,1.0,True,,paper_001:p0003
paper_001:r0038,,paper_001,Impact of N2O admixture on the characteristics of pulsed dielectric barrier discharges in N2 at atmospheric pressure,10.1088/1361-6463/ab4944,,membrane pump,DiagnosticDevice,classified_as,,process pump,DiagnosticDevice,additional membrane pump... used as a process pump,,,0.9,True,,paper_001:p0003
paper_001:r0039,,paper_001,Impact of N2O admixture on the characteristics of pulsed dielectric barrier discharges in N2 at atmospheric pressure,10.1088/1361-6463/ab4944,,mass flow controllers,DiagnosticDevice,controls,,gas flow,PhysicalQuantity,total gas flow through the cell was set to 100 sccm,,,0.95,True,,paper_001:p0003
paper_001:r0040,,paper_001,Impact of N2O admixture on the characteristics of pulsed dielectric barrier discharges in N2 at atmospheric pressure,10.1088/1361-6463/ab4944,,gas flow,PhysicalQuantity,has_unit,,sccm,Unit,set to 100 sccm,,,1.0,True,,paper_001:p0003
paper_001:r0041,,paper_001,Impact of N2O admixture on the characteristics of pulsed dielectric barrier discharges in N2 at atmospheric pressure,10.1088/1361-6463/ab4944,,gas mixtures,PlasmaMedium,contains,,N2,Species,investigated gas mixtures were varied from virtually pure N2,,,0.9,True,,paper_001:p0003
paper_001:r0042,,paper_001,Impact of N2O admixture on the characteristics of pulsed dielectric barrier discharges in N2 at atmospheric pressure,10.1088/1361-6463/ab4944,,oxygen sensor,DiagnosticDevice,measures,,O2 impurity,PhysicalQuantity,O2 impurity... examined by an oxygen sensor,,,0.95,True,,paper_001:p0003
paper_001:r0043,,paper_001,Impact of N2O admixture on the characteristics of pulsed dielectric barrier discharges in N2 at atmospheric pressure,10.1088/1361-6463/ab4944,,O2 impurity,PhysicalQuantity,has_unit,,ppm,Unit,measured impurity was below 30 ppm O2,,,1.0,True,,paper_001:p0003
paper_001:r0044,,paper_001,Impact of N2O admixture on the characteristics of pulsed dielectric barrier discharges in N2 at atmospheric pressure,10.1088/1361-6463/ab4944,,Unipolar square wave pulses,PowerSupply,has_parameter,,voltage,PhysicalQuantity,10 kV amplitude,,,0.95,True,,paper_001:p0003
paper_001:r0045,,paper_001,Impact of N2O admixture on the characteristics of pulsed dielectric barrier discharges in N2 at atmospheric pressure,10.1088/1361-6463/ab4944,,voltage,PhysicalQuantity,has_unit,,kV,Unit,10 kV amplitude,,,1.0,True,,paper_001:p0003
paper_001:r0046,,paper_001,Impact of N2O admixture on the characteristics of pulsed dielectric barrier discharges in N2 at atmospheric pressure,10.1088/1361-6463/ab4944,,Unipolar square wave pulses,PowerSupply,has_parameter,,frequency,PhysicalQuantity,10 kHz repetition frequency,,,0.95,True,,paper_001:p0003
paper_001:r0047,,paper_001,Impact of N2O admixture on the characteristics of pulsed dielectric barrier discharges in N2 at atmospheric pressure,10.1088/1361-6463/ab4944,,frequency,PhysicalQuantity,has_unit,,kHz,Unit,10 kHz repetition frequency,,,1.0,True,,paper_001:p0003
paper_001:r0048,,paper_001,Impact of N2O admixture on the characteristics of pulsed dielectric barrier discharges in N2 at atmospheric pressure,10.1088/1361-6463/ab4944,,pulse width,PhysicalQuantity,has_unit,,µs,Unit,pulse width of 10 µs,,,1.0,True,,paper_001:p0003
paper_001:r0049,,paper_001,Impact of N2O admixture on the characteristics of pulsed dielectric barrier discharges in N2 at atmospheric pressure,10.1088/1361-6463/ab4944,,iCCD camera,DiagnosticDevice,has_resolution,,spatial resolution,PhysicalQuantity,spatial resolution for both cameras was about 2 µm,,,0.95,True,,paper_001:p0003
paper_001:r0050,,paper_001,Impact of N2O admixture on the characteristics of pulsed dielectric barrier discharges in N2 at atmospheric pressure,10.1088/1361-6463/ab4944,,spatial resolution,PhysicalQuantity,has_unit,,µm,Unit,spatial resolution... about 2 µm,,,1.0,True,,paper_001:p0003
paper_001:r0051,,paper_001,Impact of N2O admixture on the characteristics of pulsed dielectric barrier discharges in N2 at atmospheric pressure,10.1088/1361-6463/ab4944,,streak camera system,DiagnosticDevice,has_resolution,,temporal resolution,PhysicalQuantity,temporal resolution of the iCCD and streak camera systems were 2 ns and 50 ps,,,0.95,True,,paper_001:p0003
paper_001:r0052,,paper_001,Impact of N2O admixture on the characteristics of pulsed dielectric barrier discharges in N2 at atmospheric pressure,10.1088/1361-6463/ab4944,,temporal resolution,PhysicalQuantity,has_unit,,ns,Unit,temporal resolution... 2 ns,,,1.0,True,,paper_001:p0003
paper_001:r0053,,paper_001,Impact of N2O admixture on the characteristics of pulsed dielectric barrier discharges in N2 at atmospheric pressure,10.1088/1361-6463/ab4944,,temporal resolution,PhysicalQuantity,has_unit,,ps,Unit,temporal resolution... 50 ps,,,1.0,True,,paper_001:p0003
paper_001:r0054,,paper_001,Impact of N2O admixture on the characteristics of pulsed dielectric barrier discharges in N2 at atmospheric pressure,10.1088/1361-6463/ab4944,,current and voltage probes,DiagnosticDevice,measures,,current,PhysicalQuantity,fast current and voltage probes... recorded with an oscilloscope,,,0.9,True,,paper_001:p0003
paper_001:r0055,,paper_001,Impact of N2O admixture on the characteristics of pulsed dielectric barrier discharges in N2 at atmospheric pressure,10.1088/1361-6463/ab4944,,current and voltage probes,DiagnosticDevice,measures,,voltage,PhysicalQuantity,fast current and voltage probes... recorded with an oscilloscope,,,0.9,True,,paper_001:p0003
paper_001:r0056,,paper_001,Impact of N2O admixture on the characteristics of pulsed dielectric barrier discharges in N2 at atmospheric pressure,10.1088/1361-6463/ab4944,,asymmetrical HV pulse,PowerSupply,causes,,increased pre-ionisation,PhysicalEffect,increased pre-ionisation due to a shorter time between rising and falling slopes than between falling and rising ones (10 µs versus 90 µs) induced by an asymmetrical HV pulse,,,0.95,True,,paper_001:p0004
paper_001:r0057,,paper_001,Impact of N2O admixture on the characteristics of pulsed dielectric barrier discharges in N2 at atmospheric pressure,10.1088/1361-6463/ab4944,,N 2 O admixture,PlasmaMedium,causes,,electron attachment,PhysicalEffect,The admixture of electronegative N 2 O favors electron attachment,,,0.9,True,,paper_001:p0004
paper_001:r0058,,paper_001,Impact of N2O admixture on the characteristics of pulsed dielectric barrier discharges in N2 at atmospheric pressure,10.1088/1361-6463/ab4944,,N 2 O admixture,PlasmaMedium,affects,,discharge current,PhysicalQuantity,"the discharge current peak is roughly doubled and delayed within the slope, while its decay time drops to approx. one third compared to 1 vol.%",,,0.95,True,,paper_001:p0004
paper_001:r0059,,paper_001,Impact of N2O admixture on the characteristics of pulsed dielectric barrier discharges in N2 at atmospheric pressure,10.1088/1361-6463/ab4944,,discharge inception statistics,PlasmaProperties,used_to_obtain,,mean applied breakdown voltage,PhysicalQuantity,The discharge inception statistics were used to obtain the mean applied breakdown voltage,,,0.9,True,,paper_001:p0004
paper_001:r0060,,paper_001,Impact of N2O admixture on the characteristics of pulsed dielectric barrier discharges in N2 at atmospheric pressure,10.1088/1361-6463/ab4944,,pre-ionisation,PhysicalEffect,influences,,discharge inception delay,PhysicalQuantity,increased pre-ionisation ... provides sufficient start electrons ... significantly slows down the streamer-like propagation,,,0.85,True,,paper_001:p0004
paper_001:r0061,,paper_001,Impact of N2O admixture on the characteristics of pulsed dielectric barrier discharges in N2 at atmospheric pressure,10.1088/1361-6463/ab4944,,N 2 O admixture,PlasmaMedium,increases,,breakdown voltage,PhysicalQuantity,The admixture of N 2 O increases the breakdown voltage by reducing the amount of free electrons,,,0.9,True,,paper_001:p0004
paper_001:r0062,,paper_001,Impact of N2O admixture on the characteristics of pulsed dielectric barrier discharges in N2 at atmospheric pressure,10.1088/1361-6463/ab4944,,discharge inception statistics,PlasmaProperties,analyzed_in,,figures 5 and 6,Experiment,the reason for the increased maxima is discussed later when the discharge inception statistics is analysed (see figures 5 and 6),,,0.95,True,,paper_001:p0004
paper_001:r0063,,paper_001,Impact of N2O admixture on the characteristics of pulsed dielectric barrier discharges in N2 at atmospheric pressure,10.1088/1361-6463/ab4944,,N 2 O admixture,PlasmaMedium,reduces,,transferred charge,PhysicalQuantity,Q decreases rapidly to below 0.5 nC for 10 vol% N 2 O,,,0.9,True,,paper_001:p0004
paper_001:r0064,,paper_001,Impact of N2O admixture on the characteristics of pulsed dielectric barrier discharges in N2 at atmospheric pressure,10.1088/1361-6463/ab4944,,discharge current,PhysicalQuantity,related_to,,decay time,PhysicalQuantity,its decay time drops to approx. one third compared to 1 vol.%,,,0.95,True,,paper_001:p0004
paper_001:r0065,,paper_001,Impact of N2O admixture on the characteristics of pulsed dielectric barrier discharges in N2 at atmospheric pressure,10.1088/1361-6463/ab4944,,asymmetrical HV pulse,PowerSupply,applied_to,,virtually pure N 2,PlasmaMedium,exemplarily for virtually pure N 2,,,0.9,True,,paper_001:p0004
paper_001:r0066,,paper_001,Impact of N2O admixture on the characteristics of pulsed dielectric barrier discharges in N2 at atmospheric pressure,10.1088/1361-6463/ab4944,,N 2 O admixture in N 2,PlasmaMedium,analyzed_by,,0D modelling,Modelling,Analysis of the impact of N 2 O admixture in N 2 by 0D modelling,,,0.95,True,,paper_001:p0006
paper_001:r0067,,paper_001,Impact of N2O admixture on the characteristics of pulsed dielectric barrier discharges in N2 at atmospheric pressure,10.1088/1361-6463/ab4944,,pre-ionisation,PhysicalEffect,influences,,DBDs,PlasmaSource,volume pre-ionisation plays a crucial role for the characteristics of DBDs,,,0.9,True,,paper_001:p0006
paper_001:r0068,,paper_001,Impact of N2O admixture on the characteristics of pulsed dielectric barrier discharges in N2 at atmospheric pressure,10.1088/1361-6463/ab4944,,pre-ionisation,PhysicalEffect,determined_by,,charge carrier generation,PhysicalEffect,pre-ionisation is determined by charge carrier generation and loss processes,,,0.95,True,,paper_001:p0006
paper_001:r0069,,paper_001,Impact of N2O admixture on the characteristics of pulsed dielectric barrier discharges in N2 at atmospheric pressure,10.1088/1361-6463/ab4944,,0D model,Modelling,used_to_study,,N 2 O concentration,PhysicalQuantity,to investigate the impact of the N 2 O concentration on these processes,,,0.9,True,,paper_001:p0006
paper_001:r0070,,paper_001,Impact of N2O admixture on the characteristics of pulsed dielectric barrier discharges in N2 at atmospheric pressure,10.1088/1361-6463/ab4944,,modelling results,Modelling,explains,,experimental findings,Experiment,modelling results are used to explain the experimental findings,,,0.95,True,,paper_001:p0006
paper_001:r0071,,paper_001,Impact of N2O admixture on the characteristics of pulsed dielectric barrier discharges in N2 at atmospheric pressure,10.1088/1361-6463/ab4944,,global collision-radiation model,Modelling,studies,,charge carrier formation,PhysicalEffect,study the impact ... with focus on the charge carrier formation,,,1.0,True,,paper_001:p0007
paper_001:r0072,,paper_001,Impact of N2O admixture on the characteristics of pulsed dielectric barrier discharges in N2 at atmospheric pressure,10.1088/1361-6463/ab4944,,global collision-radiation model,Modelling,applies_to,,N 2 O admixtures,PlasmaMedium,study the impact of N 2 O admixtures to the DBD,,,1.0,True,,paper_001:p0007
paper_001:r0073,,paper_001,Impact of N2O admixture on the characteristics of pulsed dielectric barrier discharges in N2 at atmospheric pressure,10.1088/1361-6463/ab4944,,global collision-radiation model,Modelling,uses,,rate equations,Modelling,model comprises the rate equations for the densities n j,,,1.0,True,,paper_001:p0007
paper_001:r0074,,paper_001,Impact of N2O admixture on the characteristics of pulsed dielectric barrier discharges in N2 at atmospheric pressure,10.1088/1361-6463/ab4944,,rate equations,Modelling,describes,,densities,PhysicalQuantity,rate equations for the densities n j of electrons,,,1.0,True,,paper_001:p0007
paper_001:r0075,,paper_001,Impact of N2O admixture on the characteristics of pulsed dielectric barrier discharges in N2 at atmospheric pressure,10.1088/1361-6463/ab4944,,source term S j,Modelling,involves,,collision,PhysicalEffect,gain and loss ... due to collision and radiation processes,,,1.0,True,,paper_001:p0007
paper_001:r0076,,paper_001,Impact of N2O admixture on the characteristics of pulsed dielectric barrier discharges in N2 at atmospheric pressure,10.1088/1361-6463/ab4944,,source term S j,Modelling,involves,,radiation,PhysicalEffect,gain and loss ... due to collision and radiation processes,,,1.0,True,,paper_001:p0007
paper_001:r0077,,paper_001,Impact of N2O admixture on the characteristics of pulsed dielectric barrier discharges in N2 at atmospheric pressure,10.1088/1361-6463/ab4944,,complete set of considered reactions,Modelling,based_on,,reaction kinetics scheme of Kossyi et al,Modelling,based on the reaction kinetics scheme of Kossyi et al,,,0.9,True,,paper_001:p0007
paper_001:r0078,,paper_001,Impact of N2O admixture on the characteristics of pulsed dielectric barrier discharges in N2 at atmospheric pressure,10.1088/1361-6463/ab4944,,electron energy balance equation,Modelling,coupled_with,,measured power density,Experiment,couple the measured power density P directly into the model,,,1.0,True,,paper_001:p0007
paper_001:r0079,,paper_001,Impact of N2O admixture on the characteristics of pulsed dielectric barrier discharges in N2 at atmospheric pressure,10.1088/1361-6463/ab4944,,electron energy balance equation,Modelling,involves,,energy density,PhysicalQuantity,electron energy balance equation for the energy density of electrons,,,1.0,True,,paper_001:p0007
paper_001:r0080,,paper_001,Impact of N2O admixture on the characteristics of pulsed dielectric barrier discharges in N2 at atmospheric pressure,10.1088/1361-6463/ab4944,,equations (2) and (4),Modelling,coupled_through,,particle densities,PhysicalQuantity,coupling ... through the particle densities in the energy source term S,,,1.0,True,,paper_001:p0007
paper_001:r0081,,paper_001,Impact of N2O admixture on the characteristics of pulsed dielectric barrier discharges in N2 at atmospheric pressure,10.1088/1361-6463/ab4944,,equations (2) and (4),Modelling,depends_on,,mean electron energy,PhysicalQuantity,rate coefficients k r ... depending on the mean electron energy,,,1.0,True,,paper_001:p0007
paper_001:r0082,,paper_001,Impact of N2O admixture on the characteristics of pulsed dielectric barrier discharges in N2 at atmospheric pressure,10.1088/1361-6463/ab4944,,global reaction kinetic models,Modelling,applied_for,,temporal behaviour,PlasmaProperties,investigation of the temporal behaviour of plasma species,,,0.9,True,,paper_001:p0007
paper_001:r0083,,paper_001,Impact of N2O admixture on the characteristics of pulsed dielectric barrier discharges in N2 at atmospheric pressure,10.1088/1361-6463/ab4944,,rate equations,Modelling,applies_to,,electrons,Species,rate equations for the densities n j of electrons,,,1.0,True,,paper_001:p0007
paper_001:r0084,,paper_001,Impact of N2O admixture on the characteristics of pulsed dielectric barrier discharges in N2 at atmospheric pressure,10.1088/1361-6463/ab4944,,rate equations,Modelling,applies_to,,heavy particle species,Species,rate equations for the densities n j of ... heavy particle species,,,1.0,True,,paper_001:p0007
paper_001:r0085,,paper_001,Impact of N2O admixture on the characteristics of pulsed dielectric barrier discharges in N2 at atmospheric pressure,10.1088/1361-6463/ab4944,,complete set of considered reactions,Modelling,includes,,520 processes,PhysicalQuantity,includes about 520 processes,,,1.0,True,,paper_001:p0007
paper_001:r0086,,paper_001,Impact of N2O admixture on the characteristics of pulsed dielectric barrier discharges in N2 at atmospheric pressure,10.1088/1361-6463/ab4944,,Modelling results,Modelling,determined_from,,measured voltage and current,Experiment,instantaneous power density P(t) deposited into the plasma (see equation ( 4)) was determined from the measured voltage and current,,,0.95,True,,paper_001:p0008
paper_001:r0087,,paper_001,Impact of N2O admixture on the characteristics of pulsed dielectric barrier discharges in N2 at atmospheric pressure,10.1088/1361-6463/ab4944,,power density,PhysicalQuantity,located_in,,discharge channel,PlasmaProperties,it was assumed that the power is mainly deposited in the discharge channel,,,0.9,True,,paper_001:p0008
paper_001:r0088,,paper_001,Impact of N2O admixture on the characteristics of pulsed dielectric barrier discharges in N2 at atmospheric pressure,10.1088/1361-6463/ab4944,,N 2 O concentration,PlasmaMedium,increases_with,,discharge diameter,PhysicalQuantity,the discharge diameter and the current amplitude are increasing with the N 2 O concentration,,,0.85,True,,paper_001:p0008
paper_001:r0089,,paper_001,Impact of N2O admixture on the characteristics of pulsed dielectric barrier discharges in N2 at atmospheric pressure,10.1088/1361-6463/ab4944,,N 2 O concentration,PlasmaMedium,affects,,current amplitude,PhysicalQuantity,the discharge diameter and the current amplitude are increasing with the N 2 O concentration,,,0.85,True,,paper_001:p0008
paper_001:r0090,,paper_001,Impact of N2O admixture on the characteristics of pulsed dielectric barrier discharges in N2 at atmospheric pressure,10.1088/1361-6463/ab4944,,N 2 O admixtures,PlasmaMedium,results_in,,similar power densities,PhysicalQuantity,the resulting maximal power densities are similar for different N 2 O admixtures,,,0.9,True,,paper_001:p0008
paper_001:r0091,,paper_001,Impact of N2O admixture on the characteristics of pulsed dielectric barrier discharges in N2 at atmospheric pressure,10.1088/1361-6463/ab4944,,N 2 O content,PlasmaMedium,affects,,current pulse duration,PhysicalQuantity,the decrease of the current pulse duration for high N 2 O content,,,0.85,True,,paper_001:p0008
paper_001:r0092,,paper_001,Impact of N2O admixture on the characteristics of pulsed dielectric barrier discharges in N2 at atmospheric pressure,10.1088/1361-6463/ab4944,,Modelling,Modelling,uses,,power input,PowerSupply,two difference input power density waveforms were considered for the modelling,,,0.9,True,,paper_001:p0008
paper_001:r0093,,paper_001,Impact of N2O admixture on the characteristics of pulsed dielectric barrier discharges in N2 at atmospheric pressure,10.1088/1361-6463/ab4944,,Modelling,Modelling,applies_to,,N 2 O admixtures,PlasmaMedium,calculations were performed for the complete range of N 2 O concentration,,,0.9,True,,paper_001:p0008
paper_001:r0094,,paper_001,Impact of N2O admixture on the characteristics of pulsed dielectric barrier discharges in N2 at atmospheric pressure,10.1088/1361-6463/ab4944,,charge carrier densities,PhysicalQuantity,depends_on,,N 2 O concentration,PlasmaMedium,time-averaged charge carrier densities are shown in figures 11(c) and (d) as a function of the N 2 O concentration,,,0.9,True,,paper_001:p0008
paper_001:r0095,,paper_001,Impact of N2O admixture on the characteristics of pulsed dielectric barrier discharges in N2 at atmospheric pressure,10.1088/1361-6463/ab4944,,negative ion species,Species,negligible_up_to,,100 ppm N 2 O,PlasmaMedium,"Up to 100 ppm N 2 O in N 2 , the negative ion density is neglectable",,,0.85,True,,paper_001:p0008
paper_001:r0096,,paper_001,Impact of N2O admixture on the characteristics of pulsed dielectric barrier discharges in N2 at atmospheric pressure,10.1088/1361-6463/ab4944,,plasma density,PhysicalQuantity,minimizes_at,,1000 ppm N 2 O,PlasmaMedium,the plasma density features a minimum at around 1000 ppm,,,0.9,True,,paper_001:p0008
paper_001:r0097,,paper_001,Impact of N2O admixture on the characteristics of pulsed dielectric barrier discharges in N2 at atmospheric pressure,10.1088/1361-6463/ab4944,,electron loss processes,PhysicalEffect,analyzed_for,,power input,PowerSupply,the relative contribution of the different electron loss processes... were analysed for the two aforementioned power density input pulses,,,0.9,True,,paper_001:p0008
paper_001:r0098,,paper_001,Impact of N2O admixture on the characteristics of pulsed dielectric barrier discharges in N2 at atmospheric pressure,10.1088/1361-6463/ab4944,,electron loss,PhysicalEffect,dominated_by,,attachment,PhysicalEffect,electron loss by attachment dominates for N 2 O above 1 vol%,,,0.95,True,,paper_001:p0008
paper_001:r0099,,paper_001,Impact of N2O admixture on the characteristics of pulsed dielectric barrier discharges in N2 at atmospheric pressure,10.1088/1361-6463/ab4944,,electron recombination,PhysicalEffect,dominated_by,,N + cluster ion,Species,the major recombination process is the dissociative recombination of the cluster ion N +,,,0.9,True,,paper_001:p0008
paper_001:r0100,,paper_001,Impact of N2O admixture on the characteristics of pulsed dielectric barrier discharges in N2 at atmospheric pressure,10.1088/1361-6463/ab4944,,electron attachment,PhysicalEffect,dominated_by,,N 2 O,Species,dissociative attachment to N 2 O is at least two orders of magnitude higher,,,0.95,True,,paper_001:p0008
paper_001:r0101,,paper_001,Impact of N2O admixture on the characteristics of pulsed dielectric barrier discharges in N2 at atmospheric pressure,10.1088/1361-6463/ab4944,,electron attachment,PhysicalEffect,dominant_for,,10 vol% N 2 O,PlasmaMedium,"for 10 vol% N 2 O, more than 90% of the electron loss is due to attachment",,,0.9,True,,paper_001:p0008
paper_001:r0102,,paper_001,Impact of N2O admixture on the characteristics of pulsed dielectric barrier discharges in N2 at atmospheric pressure,10.1088/1361-6463/ab4944,,electron density,PhysicalQuantity,determined_by,,afterglow,PlasmaProperties,the electron loss in the afterglow determines the number of remaining electrons before the following discharge,,,0.85,True,,paper_001:p0008
paper_001:r0103,,paper_001,Impact of N2O admixture on the characteristics of pulsed dielectric barrier discharges in N2 at atmospheric pressure,10.1088/1361-6463/ab4944,,pulsed DBDs,PlasmaSource,uses,,single-filament,ElectrodeConfiguration,pulsed DBDs were investigated in a single-filament arrangement,,,0.95,True,,paper_001:p0009
paper_001:r0104,,paper_001,Impact of N2O admixture on the characteristics of pulsed dielectric barrier discharges in N2 at atmospheric pressure,10.1088/1361-6463/ab4944,,N2O admixture,PlasmaMedium,causes,,electronegativity,PhysicalEffect,main impact of N2O admixture is its electronegativity,,,0.9,True,,paper_001:p0009
paper_001:r0105,,paper_001,Impact of N2O admixture on the characteristics of pulsed dielectric barrier discharges in N2 at atmospheric pressure,10.1088/1361-6463/ab4944,,N2O admixture,PlasmaMedium,alters,,discharge characteristics,PlasmaProperties,change the discharge characteristics,,,0.85,True,,paper_001:p0009
paper_001:r0106,,paper_001,Impact of N2O admixture on the characteristics of pulsed dielectric barrier discharges in N2 at atmospheric pressure,10.1088/1361-6463/ab4944,,DBD,PlasmaSource,exhibits,,filamentary,DischargeRegime,DBD is filamentary for all studied gas mixtures,,,0.95,True,,paper_001:p0009
paper_001:r0107,,paper_001,Impact of N2O admixture on the characteristics of pulsed dielectric barrier discharges in N2 at atmospheric pressure,10.1088/1361-6463/ab4944,,N2O admixtures >1000 ppm,PlasmaMedium,reduces,,electron density,PhysicalQuantity,mean electron density significantly drops,,,0.9,True,,paper_001:p0009
paper_001:r0108,,paper_001,Impact of N2O admixture on the characteristics of pulsed dielectric barrier discharges in N2 at atmospheric pressure,10.1088/1361-6463/ab4944,,N2O admixtures >1000 ppm,PlasmaMedium,dominates,,negative ions,Species,negative ions become the dominant negatively charged species,,,0.85,True,,paper_001:p0009
paper_001:r0109,,paper_001,Impact of N2O admixture on the characteristics of pulsed dielectric barrier discharges in N2 at atmospheric pressure,10.1088/1361-6463/ab4944,,N2O admixtures >1000 ppm,PlasmaMedium,increases,,discharge diameter,PhysicalQuantity,increase of the discharge diameter,,,0.8,True,,paper_001:p0009
paper_001:r0110,,paper_001,Impact of N2O admixture on the characteristics of pulsed dielectric barrier discharges in N2 at atmospheric pressure,10.1088/1361-6463/ab4944,,N2O admixtures >1000 ppm,PlasmaMedium,increases,,streamer velocity,PhysicalQuantity,increase of the streamer velocity,,,0.8,True,,paper_001:p0009
paper_001:r0111,,paper_001,Impact of N2O admixture on the characteristics of pulsed dielectric barrier discharges in N2 at atmospheric pressure,10.1088/1361-6463/ab4944,,N2O admixtures >1000 ppm,PlasmaMedium,increases,,temporal discharge jitter,PhysicalQuantity,increase of the temporal discharge jitter,,,0.8,True,,paper_001:p0009
paper_001:r0112,,paper_001,Impact of N2O admixture on the characteristics of pulsed dielectric barrier discharges in N2 at atmospheric pressure,10.1088/1361-6463/ab4944,,N2O admixtures <100 ppm,PlasmaMedium,dominated by,,recombination,PhysicalEffect,electron loss dominated by recombination,,,0.85,True,,paper_001:p0009
paper_001:r0113,,paper_001,Impact of N2O admixture on the characteristics of pulsed dielectric barrier discharges in N2 at atmospheric pressure,10.1088/1361-6463/ab4944,,N2O admixtures >1 vol%,PlasmaMedium,dominated by,,attachment,PhysicalEffect,electron loss dominated by attachment,,,0.85,True,,paper_001:p0009
paper_001:r0114,,paper_001,Impact of N2O admixture on the characteristics of pulsed dielectric barrier discharges in N2 at atmospheric pressure,10.1088/1361-6463/ab4944,,N2O admixtures in transition region,PlasmaMedium,exhibits,,bidirectional behavior,PhysicalEffect,feature a bidirectional behaviour,,,0.8,True,,paper_001:p0009
paper_001:r0115,,paper_001,Impact of N2O admixture on the characteristics of pulsed dielectric barrier discharges in N2 at atmospheric pressure,10.1088/1361-6463/ab4944,,bidirectional behavior,PhysicalEffect,affects,,discharge current,PhysicalQuantity,maximal discharge current... feature a local minimum,,,0.75,True,,paper_001:p0009
paper_001:r0116,,paper_001,Impact of N2O admixture on the characteristics of pulsed dielectric barrier discharges in N2 at atmospheric pressure,10.1088/1361-6463/ab4944,,bidirectional behavior,PhysicalEffect,affects,,discharge duration,PhysicalQuantity,discharge duration features a pronounced local maximum,,,0.75,True,,paper_001:p0009
paper_001:r0117,,paper_001,Impact of N2O admixture on the characteristics of pulsed dielectric barrier discharges in N2 at atmospheric pressure,10.1088/1361-6463/ab4944,,HV slope,PowerSupply,causes,,filamentation,PhysicalEffect,fast changing electric field during the steep HV slope,,,0.85,True,,paper_001:p0009
paper_001:r0118,,paper_001,Impact of N2O admixture on the characteristics of pulsed dielectric barrier discharges in N2 at atmospheric pressure,10.1088/1361-6463/ab4944,,modelling,Modelling,involves,,reaction kinetic processes,PhysicalEffect,modelling of the reaction kinetic processes,,,0.9,True,,paper_001:p0009
paper_001:r0119,,paper_001,Impact of N2O admixture on the characteristics of pulsed dielectric barrier discharges in N2 at atmospheric pressure,10.1088/1361-6463/ab4944,,sinusoidal-driven DBDs,PlasmaSource,exhibits,,diffuse discharges,DischargeRegime,diffuse discharges occur,,,0.9,True,,paper_001:p0009
